A,B,freq,genericity,Class
amendement,vise,4076,4.603380067,drop
présent,amendement,3617,4.722851229,drop
projet,loi,2502,5.09140577,drop
amendement,propose,1773,5.435823155,drop
article,code,1729,5.460952975,drop
amendement,rédactionnel,1449,5.637622519,type
article,loi,809,6.220452544,drop
mise,œuvre,805,6.225409183,drop
loi,finances,783,6.253118765,actor
millions,euros,730,6.323206927,theme
amendement,objet,683,6.389756601,drop
assemblée,nationale,657,6.428567442,actor
collectivités,territoriales,640,6.454783285,actor
logements,sociaux,633,6.465781039,theme
mise,place,559,6.590101988,drop
logement,social,510,6.681840735,theme
présent,projet,496,6.709675534,drop
compte,tenu,478,6.746640728,drop
code,général,477,6.74873497,support
proposition,loi,476,6.750833607,support
crédit,impôt,462,6.78068657,theme
article,projet,447,6.813692866,drop
conseil,état,443,6.822681691,actor
amendement,précision,434,6.843206927,type
présent,article,423,6.868879282,drop
sécurité,sociale,409,6.902536305,theme
prendre,compte,395,6.937365696,drop
formation,professionnelle,371,7.000049398,theme
général,impôts,366,7.013618127,support
prise,charge,353,7.049783404,drop
alinéa,article,353,7.049783404,drop
demandeurs,asile,352,7.052620285,theme
union,européenne,345,7.072707044,actor
amendement,prévoit,339,7.090251353,drop
code,travail,337,7.096168531,support
service,public,329,7.12019371,theme
prise,compte,329,7.12019371,drop
droit,commun,322,7.141699915,drop
code,construction,319,7.151060358,support
prévue,article,310,7.179679163,drop
construction,habitation,308,7.186151678,theme
objet,amendement,307,7.189403713,drop
établissements,publics,299,7.215807887,actor
restauration,collective,298,7.219157974,theme
transition,énergétique,298,7.219157974,theme
tenir,compte,298,7.219157974,drop
prévu,article,292,7.239497659,drop
administration,fiscale,291,7.242928194,actor
mettre,place,286,7.26025965,drop
milliards,euros,282,7.27434439,theme
vise,permettre,281,7.277896792,intention
amendement,coordination,279,7.285039679,type
code,rural,279,7.285039679,support
conseil,constitutionnel,276,7.295850595,actor
article,prévoit,275,7.299480363,drop
code,pénal,272,7.310449395,support
code,urbanisme,271,7.31413264,support
intérêt,général,263,7.344097429,drop
dispositions,article,261,7.351731054,drop
bailleurs,sociaux,258,7.363291876,theme
situation,handicap,257,7.367175376,theme
champ,application,255,7.374987916,drop
amendement,objectif,255,7.374987916,intention
produits,phytopharmaceutiques,255,7.374987916,theme
entrée,vigueur,253,7.382861972,support
établissement,public,246,7.410919925,theme
mis,place,243,7.423190018,drop
vise,préciser,242,7.427313735,intention
loi,juillet,238,7.443980787,drop
président,république,236,7.452419656,actor
étude,impact,235,7.456665947,support
enseignement,supérieur,222,7.513574079,theme
santé,publique,221,7.518088759,theme
personnes,situation,220,7.522623915,drop
vise,supprimer,220,7.522623915,intention
finances,publiques,219,7.527179731,theme
application,article,217,7.536354107,support
loi,prévoit,217,7.536354107,drop
mettre,œuvre,217,7.536354107,drop
code,environnement,212,7.559665186,support
amendement,permet,211,7.564393327,drop
cas,échéant,210,7.56914393,drop
personnes,handicapées,202,7.607983763,theme
impôt,revenu,202,7.607983763,theme
délai,mois,202,7.607983763,drop
article,constitution,201,7.612946553,drop
organismes,hlm,201,7.612946553,drop
faire,objet,200,7.617934094,drop
article,bis,198,7.62798443,drop
titre,séjour,191,7.663978033,theme
pouvoirs,publics,189,7.674504446,theme
territoire,français,189,7.674504446,drop
compter,janvier,188,7.679809498,drop
rédaction,actuelle,188,7.679809498,drop
objet,présent,188,7.679809498,drop
produits,agricoles,187,7.685142844,theme
code,commerce,186,7.690504787,support
demande,asile,184,7.701315703,theme
mettre,fin,182,7.712244774,drop
pays,origine,181,7.71775443,theme
coopération,intercommunale,181,7.71775443,theme
supprimer,article,180,7.72329461,drop
décret,conseil,179,7.728865655,support
énergies,renouvelables,179,7.728865655,theme
action,publique,177,7.740101728,theme
agriculture,biologique,177,7.740101728,theme
rural,pêche,177,7.740101728,theme
pêche,maritime,174,7.757196162,theme
produits,alimentaires,173,7.762959866,theme
loi,n,172,7.768756984,drop
propose,supprimer,171,7.774587904,intention
france,compétences,171,7.774587904,drop
développement,durable,170,7.780453024,theme
états,généraux,168,7.792287481,theme
fausses,informations,168,7.792287481,theme
prévues,article,168,7.792287481,drop
permis,construire,168,7.792287481,theme
généraux,alimentation,168,7.792287481,theme
objectif,amendement,168,7.792287481,drop
états,membres,168,7.792287481,actor
collectivités,locales,168,7.792287481,actor
loi,décembre,167,7.798257648,drop
territoire,national,166,7.804263673,drop
code,sécurité,166,7.804263673,support
réduction,impôt,165,7.810305987,theme
article,l,165,7.810305987,drop
dernières,années,165,7.810305987,drop
mixité,sociale,159,7.847347259,theme
personnes,âgées,158,7.853656428,theme
ores,déjà,158,7.853656428,drop
article,présent,157,7.860005656,drop
construction,logements,157,7.860005656,theme
politiques,publiques,156,7.866395454,drop
droits,homme,156,7.866395454,theme
fonction,publique,155,7.872826344,theme
vise,renforcer,154,7.879298858,intention
performance,énergétique,153,7.885813539,theme
gaz,serre,153,7.885813539,theme
droit,asile,151,7.898971624,theme
zones,tendues,151,7.898971624,theme
article,vise,151,7.898971624,drop
chiffre,affaires,150,7.905616167,drop
code,civil,150,7.905616167,support
amendement,repli,150,7.905616167,type
communications,électroniques,150,7.905616167,theme
mise,disposition,149,7.912305155,drop
pris,compte,148,7.919039187,drop
taxe,habitation,147,7.925818874,theme
bonne,foi,147,7.925818874,drop
présente,loi,147,7.925818874,drop
loi,relative,146,7.932644839,drop
demandeur,asile,146,7.932644839,theme
ensemble,territoire,144,7.946438161,drop
opérateurs,compétences,144,7.946438161,drop
autorité,administrative,143,7.953406831,actor
denrées,alimentaires,142,7.960424403,theme
parlement,européen,142,7.960424403,actor
loi,programmation,141,7.96749157,support
dispositions,relatives,141,7.96749157,drop
loi,organique,140,7.974609038,support
finances,rectificative,140,7.974609038,support
jeux,olympiques,140,7.974609038,theme
bail,mobilité,139,7.981777528,theme
remettre,cause,136,8.003596575,drop
commission,européenne,135,8.010976682,institution
amendement,cohérence,135,8.010976682,type
amendement,proposé,135,8.010976682,drop
réserve,parlementaire,134,8.018411661,theme
vise,assurer,134,8.018411661,intention
assurance,maladie,134,8.018411661,theme
rénovation,énergétique,134,8.018411661,theme
taux,réduit,133,8.025902333,theme
parc,social,133,8.025902333,theme
conseil,etat,131,8.041054138,actor
nouvel,article,130,8.04871701,drop
marchés,publics,130,8.04871701,theme
amendement,précise,127,8.072064374,intention
loi,alur,127,8.072064374,theme
pouvoir,achat,127,8.072064374,theme
conseil,administration,126,8.079969554,theme
coûts,production,126,8.079969554,theme
ordre,public,123,8.104067105,theme
état,actuel,123,8.104067105,drop
grand,nombre,123,8.104067105,drop
cour,comptes,122,8.112230416,actor
i,article,122,8.112230416,drop
données,personnelles,122,8.112230416,theme
marché,travail,121,8.120460915,theme
vise,rétablir,121,8.120460915,intention
rédaction,article,121,8.120460915,drop
présente,proposition,120,8.128759718,support
valeur,ajoutée,118,8.145566836,theme
optimisation,fiscale,118,8.145566836,theme
développement,économique,118,8.145566836,theme
impôt,sociétés,118,8.145566836,theme
secteur,privé,117,8.154077526,theme
taxe,foncière,117,8.154077526,theme
articles,code,117,8.154077526,drop
organismes,logement,117,8.154077526,drop
politique,ville,116,8.16266127,theme
loi,août,116,8.16266127,drop
territoires,ruraux,116,8.16266127,theme
contrat,travail,115,8.171319333,theme
communes,habitants,115,8.171319333,drop
opération,urbanisme,114,8.180053012,drop
exposé,motifs,114,8.180053012,drop
vise,étendre,113,8.188863642,intention
mis,œuvre,112,8.19775259,drop
vie,privée,112,8.19775259,theme
fiscalité,propre,112,8.19775259,theme
vie,publique,112,8.19775259,theme
avis,conforme,111,8.20672126,support
application,dispositions,110,8.215771095,drop
mise,oeuvre,110,8.215771095,drop
prélèvement,source,110,8.215771095,theme
grande,opération,109,8.224903579,drop
équipements,publics,109,8.224903579,theme
établissements,enseignement,109,8.224903579,theme
sens,article,108,8.234120234,drop
transition,écologique,108,8.234120234,theme
point,vue,107,8.243422626,drop
faire,face,107,8.243422626,drop
loi,sru,106,8.252812367,theme
vise,garantir,106,8.252812367,intention
amendement,proposons,106,8.252812367,drop
compte,personnel,106,8.252812367,theme
pôle,emploi,106,8.252812367,actor
proposé,supprimer,105,8.262291111,drop
gaspillage,alimentaire,105,8.262291111,theme
loyer,modéré,104,8.271860562,theme
communes,nouvelles,104,8.271860562,theme
ii,article,103,8.281522473,drop
durée,maximale,103,8.281522473,drop
olympiques,paralympiques,103,8.281522473,theme
travailleurs,indépendants,103,8.281522473,theme
cahier,charges,103,8.281522473,drop
nationale,lecture,103,8.281522473,drop
activité,économique,102,8.291278648,drop
services,état,102,8.291278648,actor
vise,rendre,102,8.291278648,intention
commerce,équitable,102,8.291278648,theme
contrat,apprentissage,102,8.291278648,theme
femmes,hommes,101,8.301130944,drop
titre,exemple,101,8.301130944,drop
élus,locaux,101,8.301130944,actor
propose,rétablir,100,8.311081275,intention
changement,climatique,100,8.311081275,theme
prix,marges,99,8.321131611,drop
polynésie,française,98,8.331283982,actor
vente,logements,98,8.331283982,drop
partenaires,sociaux,98,8.331283982,actor
activité,professionnelle,98,8.331283982,theme
caisse,dépôts,97,8.341540482,actor
nouveau,dispositif,97,8.341540482,drop
personnel,formation,97,8.341540482,drop
commission,lois,97,8.341540482,actor
personnes,morales,96,8.351903269,drop
code,procédure,96,8.351903269,support
procédure,pénale,96,8.351903269,support
article,ter,96,8.351903269,drop
grande,distribution,96,8.351903269,thel
résidence,principale,96,8.351903269,theme
émissions,gaz,96,8.351903269,theme
dialogue,social,95,8.362374569,theme
produits,issus,95,8.362374569,drop
apparaît,nécessaire,95,8.362374569,drop
petites,entreprises,95,8.362374569,theme
aménagement,territoire,95,8.362374569,theme
euros,an,94,8.372956679,drop
entreprises,salariés,94,8.372956679,drop
financement,sécurité,94,8.372956679,support
titre,article,93,8.383651968,drop
droit,erreur,93,8.383651968,theme
personnes,physiques,92,8.394462884,drop
entrée,séjour,92,8.394462884,theme
rapport,information,92,8.394462884,intention
haute,autorité,92,8.394462884,actor
durée,ans,91,8.405391954,drop
habitat,indigne,91,8.405391954,theme
hausse,csg,91,8.405391954,theme
général,collectivités,91,8.405391954,support
tpe,pme,90,8.416441791,theme
loi,mars,90,8.416441791,drop
accès,logement,90,8.416441791,theme
loi,janvier,90,8.416441791,drop
loi,financement,90,8.416441791,support
travailleurs,handicapés,90,8.416441791,theme
grande,partie,90,8.416441791,drop
amendement,reprend,89,8.427615091,intention
inscrire,loi,89,8.427615091,intention
communes,epci,89,8.427615091,actor
dispositions,code,88,8.438914646,drop
dispositif,prévu,88,8.438914646,drop
code,éducation,88,8.438914646,support
ministre,chargé,88,8.438914646,actor
agit,amendement,88,8.438914646,drop
publics,coopération,88,8.438914646,drop
agit,ici,88,8.438914646,drop
taxe,séjour,88,8.438914646,theme
circuits,courts,88,8.438914646,theme
application,loi,87,8.450343342,support
régime,général,87,8.450343342,drop
professionnels,santé,87,8.450343342,drop
vise,mettre,87,8.450343342,intention
gaz,naturel,87,8.450343342,theme
haut,débit,87,8.450343342,theme
lecture,assemblée,87,8.450343342,drop
amendement,but,86,8.461904165,drop
relations,commerciales,86,8.461904165,theme
exploitation,hydrocarbures,86,8.461904165,theme
long,terme,86,8.461904165,drop
amendement,supprime,86,8.461904165,intention
habitations,loyer,85,8.473600204,drop
services,publics,85,8.473600204,theme
notamment,cas,85,8.473600204,drop
vise,élargir,85,8.473600204,intention
logements,locatifs,85,8.473600204,theme
lors,examen,85,8.473600204,drop
taux,forfaitaire,84,8.485434662,drop
accession,propriété,84,8.485434662,theme
accession,sociale,84,8.485434662,theme
marchands,sommeil,84,8.485434662,theme
chefs,entreprise,84,8.485434662,theme
public,coopération,84,8.485434662,drop
bâtiments,france,84,8.485434662,drop
objet,permettre,83,8.497410853,intention
secret,affaires,83,8.497410853,theme
communautés,communes,83,8.497410853,actor
exploitants,agricoles,83,8.497410853,theme
commission,affaires,83,8.497410853,actor
représentation,nationale,83,8.497410853,actor
impôt,fortune,83,8.497410853,theme
grandes,opérations,82,8.509532214,theme
commission,finances,82,8.509532214,actor
formation,prix,82,8.509532214,drop
contrat,professionnalisation,82,8.509532214,theme
amendement,inscrit,81,8.521802306,intention
rendre,obligatoire,81,8.521802306,drop
opérations,urbanisme,81,8.521802306,drop
place,dispositif,81,8.521802306,drop
utilisation,produits,81,8.521802306,drop
assurance,chômage,81,8.521802306,theme
partenarial,aménagement,81,8.521802306,drop
acteurs,économiques,81,8.521802306,actor
précision,rédactionnelle,81,8.521802306,type
action,sociale,80,8.534224826,drop
séjour,étrangers,80,8.534224826,theme
sécurité,juridique,80,8.534224826,drop
convient,supprimer,80,8.534224826,intention
carte,séjour,80,8.534224826,theme
eau,assainissement,80,8.534224826,theme
code,consommation,79,8.546803608,support
agricoles,alimentaires,79,8.546803608,drop
article,cgi,79,8.546803608,drop
auteurs,amendement,79,8.546803608,drop
programmation,militaire,79,8.546803608,support
in,fine,79,8.546803608,drop
européen,conseil,79,8.546803608,actor
recettes,fiscales,79,8.546803608,theme
atteinte,objectifs,79,8.546803608,drop
offices,publics,79,8.546803608,drop
revitalisation,territoire,78,8.559542634,theme
utilité,publique,78,8.559542634,drop
transfert,compétence,78,8.559542634,theme
vise,prévoir,78,8.559542634,intention
opérations,aménagement,78,8.559542634,theme
temps,travail,78,8.559542634,theme
production,logements,77,8.572446039,drop
répondre,besoins,77,8.572446039,drop
zones,rurales,77,8.572446039,theme
formation,apprentis,77,8.572446039,theme
déclaration,préalable,77,8.572446039,theme
homme,citoyen,77,8.572446039,drop
peine,complémentaire,77,8.572446039,theme
consommation,produits,77,8.572446039,drop
droit,européen,77,8.572446039,support
protection,données,76,8.585518121,theme
juillet,relative,76,8.585518121,drop
exploitations,agricoles,76,8.585518121,theme
villes,moyennes,76,8.585518121,theme
autorisation,urbanisme,76,8.585518121,theme
dispositions,législatives,76,8.585518121,drop
petites,moyennes,76,8.585518121,drop
objectifs,fixés,76,8.585518121,drop
état,collectivités,76,8.585518121,drop
situation,irrégulière,76,8.585518121,theme
transparence,vie,76,8.585518121,theme
vise,faire,75,8.598763347,intention
mise,concurrence,75,8.598763347,drop
adopté,sénat,75,8.598763347,drop
alimentation,saine,75,8.598763347,drop
parties,prenantes,75,8.598763347,drop
droit,français,75,8.598763347,drop
conditions,travail,75,8.598763347,drop
code,électoral,74,8.612186368,support
prévoit,possibilité,74,8.612186368,drop
décembre,finances,74,8.612186368,drop
déclaration,droits,74,8.612186368,drop
perte,autonomie,74,8.612186368,theme
vise,créer,74,8.612186368,intention
porte,atteinte,74,8.612186368,drop
loi,transition,74,8.612186368,theme
publics,habitat,74,8.612186368,drop
suppression,article,73,8.62579202,intention
logements,neufs,73,8.62579202,theme
amendement,demande,73,8.62579202,intention
prenant,compte,73,8.62579202,drop
mis,disposition,73,8.62579202,drop
l,code,72,8.639585342,drop
code,entrée,72,8.639585342,drop
étrangers,droit,72,8.639585342,drop
bonnes,pratiques,72,8.639585342,drop
nouvelle,rédaction,72,8.639585342,drop
branches,professionnelles,72,8.639585342,drop
epci,fiscalité,72,8.639585342,theme
remise,rapport,71,8.653571584,drop
ensemble,acteurs,71,8.653571584,drop
insécurité,juridique,71,8.653571584,drop
force,constater,71,8.653571584,drop
centres,formation,71,8.653571584,drop
fin,année,71,8.653571584,drop
monuments,historiques,71,8.653571584,theme
conseil,national,71,8.653571584,drop
relative,transparence,71,8.653571584,drop
grandes,entreprises,71,8.653571584,theme
commerce,industrie,71,8.653571584,drop
actions,formation,71,8.653571584,drop
loi,vise,71,8.653571584,intention
milliard,euros,71,8.653571584,theme
direction,générale,70,8.667756219,actor
conditions,vie,70,8.667756219,drop
commission,nationale,70,8.667756219,actor
insertion,professionnelle,70,8.667756219,theme
projet,partenarial,70,8.667756219,drop
loi,elan,70,8.667756219,drop
fraude,fiscale,70,8.667756219,theme
autorisation,préalable,70,8.667756219,drop
vise,également,69,8.682144956,intention
texte,adopté,69,8.682144956,drop
demandeurs,emploi,69,8.682144956,theme
agents,publics,69,8.682144956,theme
état,droit,69,8.682144956,drop
délai,ans,69,8.682144956,drop
rétablir,texte,69,8.682144956,drop
fortune,immobilière,69,8.682144956,drop
loyer,solidarité,69,8.682144956,drop
société,confiance,68,8.696743756,drop
iii,article,68,8.696743756,drop
article,règlement,68,8.696743756,drop
but,lucratif,68,8.696743756,drop
acteurs,locaux,68,8.696743756,drop
lutte,gaspillage,68,8.696743756,theme
immobilisation,industrielle,68,8.696743756,drop
niveau,national,68,8.696743756,drop
prises,compte,68,8.696743756,drop
obligation,emploi,68,8.696743756,drop
présent,texte,68,8.696743756,drop
couverture,mobile,68,8.696743756,drop
agriculture,alimentation,67,8.711558841,drop
rapport,annexé,67,8.711558841,drop
objet,préciser,67,8.711558841,intention
égalité,citoyenneté,67,8.711558841,drop
nationale,sénat,67,8.711558841,drop
organisation,jeux,67,8.711558841,theme
parcours,professionnels,67,8.711558841,drop
droit,préemption,67,8.711558841,drop
autorité,concurrence,67,8.711558841,actor
article,propose,67,8.711558841,drop
liberté,expression,67,8.711558841,theme
adopté,assemblée,67,8.711558841,drop
intérêt,national,66,8.726596719,drop
vise,compléter,66,8.726596719,intention
remise,cause,66,8.726596719,drop
porter,atteinte,66,8.726596719,drop
protection,sociale,66,8.726596719,theme
nationalité,française,66,8.726596719,drop
matière,aménagement,66,8.726596719,drop
produits,énergétiques,66,8.726596719,drop
gouvernement,souhaite,66,8.726596719,drop
casier,judiciaire,66,8.726596719,theme
modalités,application,65,8.741864191,drop
mises,œuvre,65,8.741864191,drop
état,membre,65,8.741864191,drop
entreprises,concernées,65,8.741864191,drop
règlement,européen,65,8.741864191,support
article,alinéa,65,8.741864191,drop
locatifs,sociaux,65,8.741864191,drop
plan,climat,65,8.741864191,theme
droit,privé,64,8.757368378,drop
groupe,travail,64,8.757368378,drop
économie,mixte,64,8.757368378,drop
bon,sens,64,8.757368378,drop
procédure,accélérée,64,8.757368378,support
dispositif,proposé,64,8.757368378,drop
conformément,article,64,8.757368378,drop
protection,environnement,64,8.757368378,drop
stratégie,nationale,64,8.757368378,drop
accès,soins,64,8.757368378,theme
état,cause,64,8.757368378,drop
vise,clarifier,64,8.757368378,intention
service,société,63,8.773116734,drop
faire,évoluer,63,8.773116734,drop
modifier,article,63,8.773116734,intention
croissance,verte,63,8.773116734,theme
juge,administratif,63,8.773116734,actor
ministère,armées,63,8.773116734,actor
caractère,personnel,63,8.773116734,drop
régime,juridique,63,8.773116734,drop
rétablir,article,63,8.773116734,intention
taux,tva,63,8.773116734,theme
code,transports,63,8.773116734,support
article,directive,63,8.773116734,support
avis,conseil,62,8.789117076,support
demandeur,emploi,62,8.789117076,theme
organisations,producteurs,62,8.789117076,drop
délai,jours,62,8.789117076,drop
données,caractère,62,8.789117076,drop
observatoire,formation,62,8.789117076,drop
revenu,fiscal,62,8.789117076,theme
transition,professionnelle,62,8.789117076,theme
directeur,général,62,8.789117076,actor
prévoit,également,62,8.789117076,drop
mise,demeure,62,8.789117076,drop
vise,revenir,61,8.805377597,intention
taxe,apprentissage,61,8.805377597,theme
sociale,propriété,61,8.805377597,drop
état,lieux,61,8.805377597,drop
actuel,droit,61,8.805377597,drop
titre,expérimental,61,8.805377597,drop
cadre,juridique,61,8.805377597,drop
travaux,rénovation,60,8.821906899,drop
y,lieu,60,8.821906899,drop
organisations,syndicales,60,8.821906899,actor
opérations,revitalisation,60,8.821906899,drop
secteur,agricole,60,8.821906899,theme
taxe,intérieure,60,8.821906899,theme
droits,fondamentaux,60,8.821906899,theme
régime,fiscal,60,8.821906899,theme
valeurs,locatives,60,8.821906899,theme
souci,cohérence,60,8.821906899,drop
donner,lieu,60,8.821906899,drop
communautés,agglomération,60,8.821906899,actor
cahiers,charges,60,8.821906899,drop
administration,collectivités,60,8.821906899,drop
mission,service,60,8.821906899,drop
code,minier,60,8.821906899,support
architecte,bâtiments,60,8.821906899,actor
prix,vente,60,8.821906899,drop
exploration,exploitation,60,8.821906899,drop
produits,phytosanitaires,60,8.821906899,drop
article,introduit,60,8.821906899,drop
vise,intégrer,60,8.821906899,intention
planification,fiscale,60,8.821906899,drop
transparence,permet,60,8.821906899,drop
évasion,optimisation,60,8.821906899,drop
amendement,entend,59,8.838714017,drop
dépôts,consignations,59,8.838714017,actor
heure,actuelle,59,8.838714017,drop
amendement,appel,59,8.838714017,type
loi,mop,59,8.838714017,drop
autorisations,urbanisme,59,8.838714017,drop
rétention,administrative,59,8.838714017,theme
énergétique,croissance,59,8.838714017,theme
adoptée,assemblée,59,8.838714017,drop
objectif,poursuivi,59,8.838714017,drop
bon,fonctionnement,59,8.838714017,drop
décembre,relative,59,8.838714017,drop
chambres,commerce,59,8.838714017,actor
communes,groupements,59,8.838714017,actor
atteindre,objectifs,59,8.838714017,drop
cotisations,sociales,59,8.838714017,drop
conseil,syndical,59,8.838714017,drop
fiscal,référence,59,8.838714017,drop
langue,française,59,8.838714017,drop
texte,voté,59,8.838714017,drop
euros,amende,59,8.838714017,drop
logements,intermédiaires,59,8.838714017,drop
faire,respecter,59,8.838714017,drop
nouvelles,dispositions,58,8.85580845,drop
sens,amendement,58,8.85580845,drop
intérieure,consommation,58,8.85580845,drop
demandes,asile,58,8.85580845,theme
changement,usage,58,8.85580845,drop
meublés,tourisme,58,8.85580845,drop
violences,sexuelles,58,8.85580845,theme
harcèlement,sexuel,58,8.85580845,theme
amendement,permettre,58,8.85580845,intention
actuelle,article,58,8.85580845,drop
politique,publique,58,8.85580845,drop
cadre,projet,58,8.85580845,drop
rédaction,issue,58,8.85580845,drop
code,énergie,58,8.85580845,support
parois,vitrées,58,8.85580845,drop
maîtrise,œuvre,57,8.873200193,drop
président,conseil,57,8.873200193,drop
traitement,données,57,8.873200193,theme
forces,armées,57,8.873200193,theme
communes,situées,57,8.873200193,drop
zones,c,57,8.873200193,drop
séjour,temporaire,57,8.873200193,drop
lutter,efficacement,57,8.873200193,drop
bailleur,social,57,8.873200193,actor
mettre,cohérence,57,8.873200193,drop
accord,préalable,57,8.873200193,drop
termes,article,57,8.873200193,drop
délai,raisonnable,57,8.873200193,drop
précarité,énergétique,57,8.873200193,theme
amendement,tend,57,8.873200193,drop
assurance,vieillesse,57,8.873200193,theme
janvier,relative,57,8.873200193,drop
amendement,présenté,56,8.89089977,drop
sécurité,intérieure,56,8.89089977,theme
relative,transition,56,8.89089977,drop
contribution,unique,56,8.89089977,theme
violences,conjugales,56,8.89089977,theme
proposé,amendement,56,8.89089977,drop
députés,sénateurs,56,8.89089977,actor
pays,européens,56,8.89089977,drop
grande,majorité,56,8.89089977,drop
état,avis,56,8.89089977,drop
taxe,affectée,56,8.89089977,drop
réalisation,travaux,56,8.89089977,drop
obligations,déclaratives,56,8.89089977,theme
isolation,thermique,56,8.89089977,theme
prendre,mesures,55,8.908918276,drop
étendre,champ,55,8.908918276,drop
action,logement,55,8.908918276,drop
permet,également,55,8.908918276,drop
état,service,55,8.908918276,drop
hébergement,urgence,55,8.908918276,theme
représentant,état,55,8.908918276,actor
droit,public,55,8.908918276,drop
assignation,résidence,55,8.908918276,theme
ans,emprisonnement,55,8.908918276,drop
locatif,social,55,8.908918276,drop
offre,formation,55,8.908918276,theme
août,relative,55,8.908918276,drop
secteur,public,55,8.908918276,drop
contrat,projet,55,8.908918276,drop
défenseur,droits,55,8.908918276,actor
partis,groupements,55,8.908918276,theme
documents,urbanisme,55,8.908918276,support
sociétés,anonymes,55,8.908918276,drop
bis,code,55,8.908918276,drop
contribution,climat,55,8.908918276,drop
climat,énergie,55,8.908918276,theme
informations,relatives,55,8.908918276,drop
tirer,conséquences,54,8.927267414,drop
dispositions,prévues,54,8.927267414,drop
amendement,visant,54,8.927267414,intention
matières,premières,54,8.927267414,theme
droit,séjour,54,8.927267414,theme
statut,réfugié,54,8.927267414,theme
communes,membres,54,8.927267414,actor
durée,indéterminée,54,8.927267414,drop
demander,gouvernement,54,8.927267414,drop
mentionnées,article,54,8.927267414,drop
agressions,sexuelles,54,8.927267414,theme
vente,produits,54,8.927267414,drop
ménages,modestes,54,8.927267414,drop
volets,isolants,54,8.927267414,drop
maître,ouvrage,54,8.927267414,drop
autorité,compétente,54,8.927267414,drop
réduction,loyer,54,8.927267414,drop
loi,février,53,8.945959547,drop
taux,zéro,53,8.945959547,drop
utilité,sociale,53,8.945959547,drop
vise,ajouter,53,8.945959547,intention
vise,donner,53,8.945959547,intention
article,déclaration,53,8.945959547,drop
cas,refus,53,8.945959547,drop
matière,lutte,53,8.945959547,drop
commission,départementale,53,8.945959547,actor
entreprises,artisanales,53,8.945959547,drop
situation,financière,53,8.945959547,drop
cadre,plan,53,8.945959547,drop
rédaction,initiale,53,8.945959547,drop
améliorer,qualité,53,8.945959547,drop
gestion,déchets,53,8.945959547,theme
demande,autorisation,53,8.945959547,drop
vise,demander,53,8.945959547,intention
maîtres,ouvrage,53,8.945959547,drop
introduit,sénat,53,8.945959547,drop
rapport,parlement,53,8.945959547,intention
existe,déjà,53,8.945959547,drop
emprisonnement,euros,53,8.945959547,drop
qualité,nutritionnelle,53,8.945959547,drop
avantage,fiscal,53,8.945959547,theme
acteurs,concernés,52,8.965007742,drop
code,action,52,8.965007742,support
maîtrise,ouvrage,52,8.965007742,drop
agression,sexuelle,52,8.965007742,theme
faire,bénéficier,52,8.965007742,drop
amendement,complète,52,8.965007742,intention
vise,introduire,52,8.965007742,intention
atteindre,objectif,52,8.965007742,intention
urbanisme,gou,52,8.965007742,drop
compétence,matière,52,8.965007742,drop
article,article,52,8.965007742,drop
circonstance,aggravante,52,8.965007742,drop
niveau,européen,52,8.965007742,drop
communes,rurales,52,8.965007742,drop
grand,paris,52,8.965007742,actor
attribution,logements,52,8.965007742,drop
prix,produits,52,8.965007742,drop
mettre,terme,52,8.965007742,drop
article,ordonnance,52,8.965007742,drop
moyens,financiers,52,8.965007742,drop
cour,cassation,52,8.965007742,actor
forces,ordre,52,8.965007742,theme
diffusion,fausses,52,8.965007742,drop
colonnes,montantes,52,8.965007742,drop
article,permet,51,8.984425828,intention
mesure,proposée,51,8.984425828,drop
taux,imposition,51,8.984425828,drop
mois,compter,51,8.984425828,drop
haut,conseil,51,8.984425828,actor
prêt,taux,51,8.984425828,drop
milieu,rural,51,8.984425828,drop
france,insoumise,51,8.984425828,actor
convient,préciser,51,8.984425828,drop
loi,littoral,51,8.984425828,drop
libertés,fondamentales,51,8.984425828,theme
lutte,précarité,51,8.984425828,theme
fonds,propres,51,8.984425828,drop
agence,nationale,51,8.984425828,drop
autorisations,engagement,51,8.984425828,drop
vise,prendre,51,8.984425828,intention
collectivité,territoriale,51,8.984425828,actor
boissons,sucrées,51,8.984425828,drop
domaine,public,51,8.984425828,drop
organismes,logements,51,8.984425828,drop
affaires,sociales,51,8.984425828,drop
code,défense,51,8.984425828,support
dernier,alinéa,51,8.984425828,drop
directive,européenne,51,8.984425828,support
caractère,racial,51,8.984425828,drop
manque,gagner,51,8.984425828,drop
établissements,santé,51,8.984425828,actor
étrangers,situation,51,8.984425828,drop
dotation,solidarité,51,8.984425828,drop
plan,local,51,8.984425828,drop
exonération,taxe,51,8.984425828,drop
système,santé,51,8.984425828,theme
droit,actuel,51,8.984425828,drop
transport,ferroviaire,51,8.984425828,theme
adopté,commission,51,8.984425828,drop
consommation,énergie,51,8.984425828,theme
inspection,générale,50,9.004228455,actor
loi,propose,50,9.004228455,drop
gouvernement,propose,50,9.004228455,intention
agricole,alimentaire,50,9.004228455,drop
code,douanes,50,9.004228455,support
décret,application,50,9.004228455,support
article,proposition,50,9.004228455,drop
production,agricole,50,9.004228455,drop
mentionnés,article,50,9.004228455,drop
emploi,travailleurs,50,9.004228455,drop
puissance,publique,50,9.004228455,drop
moyen,terme,50,9.004228455,drop
cohérence,dispositions,50,9.004228455,drop
projet,professionnel,50,9.004228455,drop
aller,loin,50,9.004228455,drop
logement,locatif,50,9.004228455,theme
objet,étendre,50,9.004228455,drop
compétence,gemapi,50,9.004228455,drop
public,administration,50,9.004228455,drop
égalité,impôt,50,9.004228455,theme
plan,investissement,50,9.004228455,drop
état,français,50,9.004228455,drop
dispositifs,planification,50,9.004228455,drop
intérêt,public,50,9.004228455,drop
règles,droit,50,9.004228455,drop
mise,conformité,49,9.024431163,drop
sociale,familles,49,9.024431163,drop
conditions,prévues,49,9.024431163,drop
amendement,adopté,49,9.024431163,drop
courte,durée,49,9.024431163,drop
équilibre,économique,49,9.024431163,drop
développement,compétences,49,9.024431163,drop
dépenses,fonctionnement,49,9.024431163,theme
locaux,professionnels,49,9.024431163,theme
article,présente,49,9.024431163,drop
substitution,office,49,9.024431163,drop
membres,famille,49,9.024431163,drop
cycle,vie,49,9.024431163,drop
commercialisation,produits,49,9.024431163,drop
placement,rétention,49,9.024431163,theme
amendement,gouvernement,49,9.024431163,drop
réduction,émissions,49,9.024431163,theme
mars,relative,49,9.024431163,drop
autorité,transparence,49,9.024431163,actor
permet,assurer,49,9.024431163,intention
prendre,charge,49,9.024431163,drop
énergie,renouvelable,49,9.024431163,theme
agences,eau,49,9.024431163,actor
garantir,respect,49,9.024431163,intention
parlement,rapport,49,9.024431163,intention
encadrement,loyers,49,9.024431163,theme
liberté,entreprendre,49,9.024431163,theme
dépenses,fiscales,49,9.024431163,theme
obligation,information,48,9.04505045,theme
fruits,légumes,48,9.04505045,theme
âge,ans,48,9.04505045,drop
dispositions,projet,48,9.04505045,drop
qualité,service,48,9.04505045,theme
cadre,loi,48,9.04505045,drop
mesures,prises,48,9.04505045,drop
collectivité,corse,48,9.04505045,actor
délivrance,autorisations,48,9.04505045,drop
pouvoir,bénéficier,48,9.04505045,drop
faire,valoir,48,9.04505045,drop
éducation,nationale,48,9.04505045,theme
personnes,vulnérables,48,9.04505045,theme
local,urbanisme,48,9.04505045,theme
exploitation,commerciale,48,9.04505045,theme
évolution,professionnelle,48,9.04505045,theme
rupture,égalité,48,9.04505045,theme
victimes,violences,48,9.04505045,theme
jurisprudence,conseil,48,9.04505045,actor
or,article,48,9.04505045,drop
précarité,alimentaire,48,9.04505045,theme
erreur,référence,47,9.066103859,drop
lieu,place,47,9.066103859,drop
loi,état,47,9.066103859,drop
décret,n,47,9.066103859,drop
régime,applicable,47,9.066103859,drop
immobilisations,industrielles,47,9.066103859,drop
effets,aubaine,47,9.066103859,drop
vise,maintenir,47,9.066103859,intention
vie,économique,47,9.066103859,drop
règlement,ue,47,9.066103859,actor
cadre,procédure,47,9.066103859,drop
code,santé,47,9.066103859,support
convient,permettre,47,9.066103859,drop
établissements,scolaires,47,9.066103859,theme
compte,spécificités,47,9.066103859,intention
personnes,publiques,47,9.066103859,theme
convient,prévoir,47,9.066103859,drop
précision,juridique,47,9.066103859,intention
réseaux,mobiles,47,9.066103859,theme
principes,constitutionnels,47,9.066103859,actor
vise,modifier,47,9.066103859,intention
enquête,publique,47,9.066103859,actor
application,dispositif,46,9.087610064,drop
article,quater,46,9.087610064,drop
commune,nouvelle,46,9.087610064,theme
fassent,objet,46,9.087610064,drop
déjà,prévu,46,9.087610064,drop
parties,communes,46,9.087610064,drop
autorités,organisatrices,46,9.087610064,drop
appel,offres,46,9.087610064,drop
loi,octobre,46,9.087610064,drop
prévu,loi,46,9.087610064,drop
droit,travail,46,9.087610064,actor
cotisation,foncière,46,9.087610064,theme
avenir,professionnel,46,9.087610064,theme
transparence,lutte,46,9.087610064,drop
lutte,corruption,46,9.087610064,theme
demande,permis,46,9.087610064,drop
reste,charge,46,9.087610064,drop
bilan,compétences,46,9.087610064,theme
demande,gouvernement,46,9.087610064,drop
matière,politique,46,9.087610064,drop
restaurants,collectifs,46,9.087610064,theme
porteur,projet,46,9.087610064,drop
issus,agriculture,46,9.087610064,theme
réaliser,travaux,46,9.087610064,drop
détermination,prix,46,9.087610064,drop
hommes,femmes,46,9.087610064,drop
respect,règles,46,9.087610064,drop
mélange,miels,46,9.087610064,theme
offre,demande,46,9.087610064,drop
droits,libertés,46,9.087610064,theme
chambres,consulaires,46,9.087610064,actor
dispositif,pinel,46,9.087610064,theme
finances,prévoit,46,9.087610064,drop
assurer,bonne,45,9.109588971,drop
autorités,compétentes,45,9.109588971,actor
enfin,amendement,45,9.109588971,drop
publics,privés,45,9.109588971,drop
contrat,durée,45,9.109588971,drop
impôt,transition,45,9.109588971,theme
assemblée,générale,45,9.109588971,drop
corruption,modernisation,45,9.109588971,theme
modernisation,vie,45,9.109588971,theme
moyennes,entreprises,45,9.109588971,theme
pays,tiers,45,9.109588971,theme
mutuelles,étudiantes,45,9.109588971,theme
lutte,habitat,45,9.109588971,theme
communes,intercommunalités,45,9.109588971,theme
temps,nécessaire,45,9.109588971,drop
aide,alimentaire,45,9.109588971,theme
membres,union,45,9.109588971,drop
évaluation,environnementale,45,9.109588971,theme
grand,public,45,9.109588971,drop
énergies,fossiles,45,9.109588971,theme
vise,inscrire,45,9.109588971,intention
foncière,propriétés,45,9.109588971,theme
propriétés,bâties,45,9.109588971,theme
compte,situation,45,9.109588971,theme
affaires,économiques,45,9.109588971,theme
téléphonie,mobile,45,9.109588971,theme
article,rédaction,45,9.109588971,drop
programmation,finances,45,9.109588971,theme
dispositions,loi,45,9.109588971,drop
paradis,fiscaux,45,9.109588971,theme
partie,civile,45,9.109588971,drop
procureur,république,44,9.132061827,actor
bureau,assemblée,44,9.132061827,actor
proposition,amendement,44,9.132061827,drop
amendement,souhaitons,44,9.132061827,drop
parc,locatif,44,9.132061827,theme
professions,libérales,44,9.132061827,theme
avis,défavorable,44,9.132061827,intention
fonds,péréquation,44,9.132061827,theme
laisser,temps,44,9.132061827,drop
libre,administration,44,9.132061827,drop
protéines,végétales,44,9.132061827,theme
amendement,procède,44,9.132061827,drop
qualité,origine,44,9.132061827,theme
favoriser,développement,44,9.132061827,drop
supérieur,euros,44,9.132061827,drop
état,santé,44,9.132061827,theme
biens,immobiliers,44,9.132061827,theme
droit,propriété,44,9.132061827,theme
conseil,supérieur,44,9.132061827,actor
qualité,air,44,9.132061827,theme
société,civile,44,9.132061827,actor
soutien,investissement,44,9.132061827,drop
objet,supprimer,44,9.132061827,intention
engagements,pris,44,9.132061827,drop
programme,national,44,9.132061827,drop
prochaines,années,44,9.132061827,drop
mise,marché,44,9.132061827,drop
négociation,collective,43,9.155051345,theme
informatique,libertés,43,9.155051345,theme
droits,femmes,43,9.155051345,theme
relative,égalité,43,9.155051345,theme
élargir,champ,43,9.155051345,drop
rapporteur,général,43,9.155051345,drop
privée,familiale,43,9.155051345,drop
métiers,artisanat,43,9.155051345,theme
foncière,entreprises,43,9.155051345,theme
économie,circulaire,43,9.155051345,theme
actuellement,vigueur,43,9.155051345,drop
vise,corriger,43,9.155051345,intention
réseaux,sociaux,43,9.155051345,theme
millions,personnes,43,9.155051345,drop
construction,prix,43,9.155051345,drop
intercommunale,fiscalité,43,9.155051345,theme
sécurité,sanitaire,43,9.155051345,theme
formation,initiale,43,9.155051345,drop
amendement,permettra,43,9.155051345,intention
fondement,article,43,9.155051345,drop
fonds,national,43,9.155051345,theme
défini,article,43,9.155051345,drop
site,internet,43,9.155051345,drop
règles,applicables,43,9.155051345,drop
demande,logements,43,9.155051345,theme
article,relatif,43,9.155051345,drop
prélèvements,sociaux,43,9.155051345,theme
prend,compte,43,9.155051345,drop
difficultés,rencontrées,43,9.155051345,drop
déploiement,réseaux,43,9.155051345,drop
visées,article,43,9.155051345,drop
euros,millions,43,9.155051345,theme
contribuer,financement,43,9.155051345,intention
groupements,politiques,43,9.155051345,actor
conditions,générales,43,9.155051345,drop
conseil,départemental,42,9.178581843,actor
code,monétaire,42,9.178581843,support
monétaire,financier,42,9.178581843,drop
sociale,solidaire,42,9.178581843,theme
période,transitoire,42,9.178581843,drop
commun,urbanisme,42,9.178581843,theme
emmanuel,macron,42,9.178581843,actor
économique,social,42,9.178581843,drop
agence,française,42,9.178581843,actor
tient,compte,42,9.178581843,drop
volonté,gouvernement,42,9.178581843,actor
article,plf,42,9.178581843,drop
intercommunale,epci,42,9.178581843,theme
égalité,professionnelle,42,9.178581843,theme
vigueur,loi,42,9.178581843,drop
coût,production,42,9.178581843,drop
proposé,gouvernement,42,9.178581843,actor
semble,nécessaire,42,9.178581843,drop
vise,interdire,42,9.178581843,intention
déjà,prévue,42,9.178581843,drop
exercice,mandat,42,9.178581843,theme
organisme,hlm,42,9.178581843,actor
prévoit,article,42,9.178581843,drop
conseil,évolution,42,9.178581843,drop
nouvelles,compétences,42,9.178581843,drop
agriculture,française,42,9.178581843,theme
habitat,inclusif,42,9.178581843,theme
acquisition,matériaux,42,9.178581843,drop
quartiers,prioritaires,41,9.202679394,theme
prévue,présent,41,9.202679394,drop
mission,information,41,9.202679394,drop
haut,niveau,41,9.202679394,drop
plateformes,ligne,41,9.202679394,theme
valeur,constitutionnel,41,9.202679394,drop
sécurité,publique,41,9.202679394,theme
économie,sociale,41,9.202679394,theme
durée,déterminée,41,9.202679394,theme
règles,relatives,41,9.202679394,drop
vise,part,41,9.202679394,intention
situées,zone,41,9.202679394,drop
centre,national,41,9.202679394,drop
dépense,publique,41,9.202679394,theme
rédaction,proposée,41,9.202679394,drop
communes,concernées,41,9.202679394,drop
prévus,article,41,9.202679394,drop
indicateurs,utilisés,41,9.202679394,drop
vise,favoriser,41,9.202679394,intention
développement,sport,41,9.202679394,theme
sécurisation,parcours,41,9.202679394,theme
communes,établissements,41,9.202679394,drop
objectif,permettre,41,9.202679394,drop
ressources,humaines,41,9.202679394,theme
démarches,administratives,41,9.202679394,theme
solutions,alternatives,41,9.202679394,drop
mauvaise,foi,41,9.202679394,drop
situation,précarité,41,9.202679394,drop
longue,durée,41,9.202679394,drop
avis,mars,41,9.202679394,drop
période,ans,41,9.202679394,drop
prévoit,notamment,41,9.202679394,drop
permet,garantir,41,9.202679394,drop
concertation,préalable,41,9.202679394,drop
petites,communes,41,9.202679394,actor
droit,information,41,9.202679394,theme
complémentaire,obligatoire,41,9.202679394,drop
vie,politique,41,9.202679394,theme
conseil,général,41,9.202679394,actor
journal,officiel,41,9.202679394,drop
répondre,enjeux,41,9.202679394,drop
énergétique,logements,41,9.202679394,theme
organisations,interprofessionnelles,41,9.202679394,actor
supprimer,alinéa,41,9.202679394,drop
cas,cas,41,9.202679394,drop
aménagement,développement,41,9.202679394,theme
suivants,code,41,9.202679394,drop
lutte,évasion,41,9.202679394,theme
permet,éviter,41,9.202679394,drop
concours,financiers,41,9.202679394,drop
abusivement,bas,41,9.202679394,drop
matériaux,isolation,41,9.202679394,theme
cohésion,territoires,41,9.202679394,theme
y,ait,40,9.227372007,drop
exerçant,activité,40,9.227372007,drop
accord,collectif,40,9.227372007,actor
responsable,traitement,40,9.227372007,drop
taxes,foncières,40,9.227372007,theme
application,taux,40,9.227372007,drop
article,précise,40,9.227372007,intention
efficacité,énergétique,40,9.227372007,theme
république,numérique,40,9.227372007,theme
intérêt,retard,40,9.227372007,drop
commande,publique,40,9.227372007,drop
répartition,valeur,40,9.227372007,drop
texte,loi,40,9.227372007,drop
amendement,vient,40,9.227372007,drop
territoriales,établissements,40,9.227372007,drop
président,epci,40,9.227372007,actor
espaces,publics,40,9.227372007,theme
repas,servis,40,9.227372007,drop
contrats,professionnalisation,40,9.227372007,theme
notamment,matière,40,9.227372007,drop
propose,également,40,9.227372007,drop
produit,taxe,40,9.227372007,drop
euros,recettes,40,9.227372007,drop
avis,commission,40,9.227372007,actor
accès,internet,40,9.227372007,theme
organisations,professionnelles,40,9.227372007,actor
professionnelle,apprentissage,40,9.227372007,theme
personnes,concernées,40,9.227372007,drop
budget,état,40,9.227372007,actor
membres,gouvernement,40,9.227372007,actor
réalisation,opérations,40,9.227372007,drop
république,française,40,9.227372007,actor
miels,originaires,40,9.227372007,theme
vertu,article,40,9.227372007,drop
relations,public,40,9.227372007,drop
regroupement,familial,40,9.227372007,theme
mesure,permet,40,9.227372007,drop
produits,locaux,40,9.227372007,theme
fiscale,abusive,40,9.227372007,drop
préservation,environnement,40,9.227372007,theme
budget,général,39,9.252689815,drop
droit,union,39,9.252689815,drop
exerçant,activités,39,9.252689815,drop
autorités,publiques,39,9.252689815,drop
groupe,public,39,9.252689815,drop
vise,éviter,39,9.252689815,intention
voie,réglementaire,39,9.252689815,drop
gestion,logements,39,9.252689815,theme
programmation,pluriannuelle,39,9.252689815,drop
dispositif,actuel,39,9.252689815,drop
harcèlement,moral,39,9.252689815,theme
ouverture,concurrence,39,9.252689815,theme
projets,loi,39,9.252689815,drop
nombre,logements,39,9.252689815,theme
dispositions,transitoires,39,9.252689815,actor
faire,sorte,39,9.252689815,drop
autorité,académique,39,9.252689815,actor
zone,attente,39,9.252689815,drop
compter,date,39,9.252689815,drop
propose,étendre,39,9.252689815,intention
sanctions,prévues,39,9.252689815,drop
impôts,cgi,39,9.252689815,drop
dc,juillet,39,9.252689815,drop
propose,suppression,39,9.252689815,intention
vise,exclure,39,9.252689815,intention
propose,mettre,39,9.252689815,drop
voie,électronique,39,9.252689815,drop
chambres,agriculture,39,9.252689815,actor
recherche,exploitation,39,9.252689815,theme
date,limite,39,9.252689815,drop
alinéas,article,39,9.252689815,drop
modifié,article,39,9.252689815,intention
nouvelle,gauche,39,9.252689815,actor
contrats,apprentissage,39,9.252689815,theme
définie,article,39,9.252689815,drop
conditions,mise,39,9.252689815,drop
politique,logement,39,9.252689815,theme
société,anonyme,39,9.252689815,drop
prix,achat,39,9.252689815,drop
long,vie,39,9.252689815,drop
collaborateurs,parlementaires,39,9.252689815,theme
grandes,surfaces,39,9.252689815,theme
autoconsommation,électricité,39,9.252689815,theme
secteur,bâtiment,39,9.252689815,theme
indication,pays,38,9.278665301,drop
ailleurs,amendement,38,9.278665301,drop
bonne,application,38,9.278665301,drop
objet,évaluation,38,9.278665301,drop
centre,formation,38,9.278665301,drop
sociétés,économie,38,9.278665301,drop
activité,agricole,38,9.278665301,theme
transports,commun,38,9.278665301,theme
zone,montagne,38,9.278665301,theme
préciser,modalités,38,9.278665301,drop
cohésion,sociale,38,9.278665301,theme
liberté,choisir,38,9.278665301,drop
résidences,secondaires,38,9.278665301,theme
contribution,formation,38,9.278665301,drop
lutte,violences,38,9.278665301,drop
avis,favorable,38,9.278665301,drop
égalité,chances,38,9.278665301,drop
temps,partiel,38,9.278665301,theme
tiers,payant,38,9.278665301,theme
création,gou,38,9.278665301,drop
principe,libre,38,9.278665301,drop
examen,projet,38,9.278665301,drop
nécessaire,prévoir,38,9.278665301,drop
télédéclarer,revenus,38,9.278665301,drop
énergétiques,ticpe,38,9.278665301,drop
environnement,santé,38,9.278665301,theme
juge,référés,38,9.278665301,actor
ministère,intérieur,38,9.278665301,actor
ordonnance,protection,38,9.278665301,drop
activités,agricoles,38,9.278665301,theme
sénat,lecture,38,9.278665301,drop
évaluation,impact,38,9.278665301,support
logement,personnes,38,9.278665301,drop
sociétés,coordination,38,9.278665301,drop
nombre,personnes,38,9.278665301,drop
rupture,contrat,38,9.278665301,drop
adoptée,sénat,38,9.278665301,drop
remet,cause,38,9.278665301,drop
mètres,carrés,38,9.278665301,drop
surfaces,commerciales,38,9.278665301,drop
nouvelles,technologies,38,9.278665301,drop
thermique,parois,38,9.278665301,theme
maintien,emploi,38,9.278665301,theme
rapport,gouvernement,38,9.278665301,intention
modification,article,37,9.305333548,drop
information,consommateurs,37,9.305333548,theme
produits,bio,37,9.305333548,theme
loi,juin,37,9.305333548,drop
décision,conseil,37,9.305333548,drop
ailleurs,déjà,37,9.305333548,drop
gouvernement,faire,37,9.305333548,actor
semble,préférable,37,9.305333548,drop
article,objet,37,9.305333548,drop
loi,ordinaire,37,9.305333548,actor
aménagement,numérique,37,9.305333548,theme
accès,informations,37,9.305333548,drop
élargir,dispositif,37,9.305333548,drop
clause,renégociation,37,9.305333548,drop
prévues,loi,37,9.305333548,drop
actions,prévention,37,9.305333548,drop
tire,conséquences,37,9.305333548,drop
cours,année,37,9.305333548,drop
commission,attribution,37,9.305333548,drop
jouent,rôle,37,9.305333548,drop
conclusion,contrat,37,9.305333548,drop
dite,loi,37,9.305333548,drop
qualité,vie,37,9.305333548,theme
produits,biologiques,37,9.305333548,theme
mettre,disposition,37,9.305333548,drop
exercice,droit,37,9.305333548,drop
lutte,changement,37,9.305333548,theme
livre,procédures,37,9.305333548,drop
procédures,fiscales,37,9.305333548,theme
accompagnement,social,37,9.305333548,theme
fonds,chaleur,37,9.305333548,theme
sein,conseil,37,9.305333548,drop
régime,autorisation,37,9.305333548,drop
autorisation,exploitation,37,9.305333548,actor
modifications,apportées,37,9.305333548,drop
compléter,article,37,9.305333548,intention
sanctions,pénales,37,9.305333548,actor
portes,fenêtres,37,9.305333548,theme
intégrité,physique,37,9.305333548,drop
égalité,traitement,37,9.305333548,theme
schémas,régionaux,37,9.305333548,drop
accord,paris,37,9.305333548,theme
logements,individuels,37,9.305333548,theme
circonstances,aggravantes,36,9.332732522,
objectif,assurer,36,9.332732522,
générale,finances,36,9.332732522,
régies,article,36,9.332732522,drop
contrôle,évaluation,36,9.332732522,
revenir,rédaction,36,9.332732522,
délégation,droits,36,9.332732522,
société,française,36,9.332732522,
amendement,amendement,36,9.332732522,drop
avenir,agriculture,36,9.332732522,
syndicats,mixtes,36,9.332732522,
précédente,législature,36,9.332732522,
saine,durable,36,9.332732522,
compte,ensemble,36,9.332732522,
professionnelle,continue,36,9.332732522,
autrement,dit,36,9.332732522,
locatives,locaux,36,9.332732522,
cour,justice,36,9.332732522,
définis,article,36,9.332732522,drop
plafonds,ressources,36,9.332732522,
porteurs,projets,36,9.332732522,
dérogatoire,droit,36,9.332732522,
assurance,formation,36,9.332732522,
partir,janvier,36,9.332732522,
personnes,éloignées,36,9.332732522,
étendre,dispositif,36,9.332732522,
donne,lieu,36,9.332732522,
vise,limiter,36,9.332732522,intention
assurer,cohérence,36,9.332732522,
résidences,principales,36,9.332732522,
délai,supplémentaire,36,9.332732522,
contrat,location,36,9.332732522,
dotation,globale,36,9.332732522,
entreprises,françaises,36,9.332732522,
article,ceseda,36,9.332732522,drop
eaux,pluviales,36,9.332732522,
tard,décembre,36,9.332732522,
marges,produits,36,9.332732522,
secteur,activité,36,9.332732522,
charte,environnement,36,9.332732522,
définies,article,36,9.332732522,drop
fixées,décret,35,9.360903399,
créer,filiales,35,9.360903399,
aidants,familiaux,35,9.360903399,
rénovation,bâtiments,35,9.360903399,
droits,obligations,35,9.360903399,
jeunes,ans,35,9.360903399,
propose,rapport,35,9.360903399,intention
usage,habitation,35,9.360903399,
services,restauration,35,9.360903399,
zone,tendue,35,9.360903399,
amendement,vocation,35,9.360903399,drop
titres,séjour,35,9.360903399,
prise,décision,35,9.360903399,
travail,salariés,35,9.360903399,
accueil,demandeurs,35,9.360903399,
adoption,amendement,35,9.360903399,
mesure,éloignement,35,9.360903399,
principe,égalité,35,9.360903399,
réduit,tva,35,9.360903399,
propose,faire,35,9.360903399,drop
nationale,sécurité,35,9.360903399,
seule,année,35,9.360903399,
terres,agricoles,35,9.360903399,
autorité,publique,35,9.360903399,
revitalisation,rurale,35,9.360903399,
commissions,paritaires,35,9.360903399,theme
mettant,place,35,9.360903399,
chapitre,ii,35,9.360903399,
métropole,lyon,35,9.360903399,
accord,préfet,35,9.360903399,
exercice,compétences,35,9.360903399,
permettre,personnes,35,9.360903399,
justice,administrative,35,9.360903399,
matière,fiscale,35,9.360903399,
enjeu,majeur,35,9.360903399,
euros,déjà,35,9.360903399,
pris,charge,35,9.360903399,
vise,faciliter,35,9.360903399,intention
vise,simplifier,35,9.360903399,intention
quitter,territoire,35,9.360903399,
gouvernement,parlement,35,9.360903399,
rapport,annuel,35,9.360903399,intention
contribution,additionnelle,35,9.360903399,
dispositif,permettant,35,9.360903399,
rapport,évaluation,35,9.360903399,intention
transposition,directive,35,9.360903399,
dispositions,actuelles,35,9.360903399,
contribution,sociale,35,9.360903399,
cpf,transition,35,9.360903399,
vise,inciter,35,9.360903399,intention
moyens,humains,35,9.360903399,
séjour,irrégulier,35,9.360903399,
évasion,fiscale,35,9.360903399,
ensemble,parties,35,9.360903399,
mise,jour,35,9.360903399,
fracture,numérique,35,9.360903399,
état,étranger,35,9.360903399,
dépôt,demande,35,9.360903399,
compétences,eau,35,9.360903399,
montant,impôt,35,9.360903399,
promulgation,loi,35,9.360903399,
cohérence,rédactionnelle,35,9.360903399,
élection,présidentielle,35,9.360903399,
amendement,article,35,9.360903399,drop
portes,entrée,35,9.360903399,
faire,peser,34,9.389890936,
supprimer,mention,34,9.389890936,
tissu,économique,34,9.389890936,
amendement,clarification,34,9.389890936,intention
proposée,gouvernement,34,9.389890936,
alinéa,prévoit,34,9.389890936,
année,dernière,34,9.389890936,
réseau,public,34,9.389890936,
prévu,articles,34,9.389890936,drop
centres,hébergement,34,9.389890936,
égalité,femmes,34,9.389890936,
droit,interne,34,9.389890936,
obligations,matière,34,9.389890936,
secteur,logement,34,9.389890936,
publique,territoriale,34,9.389890936,
lois,finances,34,9.389890936,
décision,prise,34,9.389890936,
chiffre,affaire,34,9.389890936,
réduction,consommation,34,9.389890936,
supprimer,possibilité,34,9.389890936,
crise,logement,34,9.389890936,
mode,calcul,34,9.389890936,
action,formation,34,9.389890936,
mettre,conformité,34,9.389890936,
ans,ans,34,9.389890936,
apparait,nécessaire,34,9.389890936,
impact,financier,34,9.389890936,
vise,réduire,34,9.389890936,intention
aménagement,espaces,34,9.389890936,
fonds,assurance,34,9.389890936,
formation,chefs,34,9.389890936,
potentiel,fiscal,34,9.389890936,
directement,indirectement,34,9.389890936,
code,justice,34,9.389890936,support
loi,visant,34,9.389890936,
établissements,privés,34,9.389890936,
fibre,optique,34,9.389890936,
exercice,activité,34,9.389890936,
assurer,financement,34,9.389890936,
droit,logement,34,9.389890936,
débats,commission,34,9.389890936,
prélèvement,forfaitaire,34,9.389890936,
zone,c,34,9.389890936,
dotation,soutien,34,9.389890936,
groupe,nouvelle,34,9.389890936,
intérêts,fondamentaux,34,9.389890936,
euros,mois,34,9.389890936,
anciens,combattants,34,9.389890936,
aides,pierre,34,9.389890936,
cadre,vie,34,9.389890936,
société,coordination,34,9.389890936,
accéder,propriété,34,9.389890936,
presse,ligne,34,9.389890936,
dépenses,engagées,34,9.389890936,
titre,gratuit,34,9.389890936,
mesure,inscrit,34,9.389890936,
intérêt,supérieur,34,9.389890936,
qualité,produits,34,9.389890936,
mentionnée,article,33,9.419743899,drop
esprit,loi,33,9.419743899,
hauteur,millions,33,9.419743899,
propose,modifier,33,9.419743899,intention
vise,améliorer,33,9.419743899,intention
logements,hlm,33,9.419743899,
intérêt,collectif,33,9.419743899,
juillet,portant,33,9.419743899,
copropriétés,dégradées,33,9.419743899,
vise,proroger,33,9.419743899,intention
définition,légale,33,9.419743899,
notion,immobilisation,33,9.419743899,
fausse,information,33,9.419743899,
demandons,suppression,33,9.419743899,
stratégie,logement,33,9.419743899,
application,présent,33,9.419743899,
défense,nationale,33,9.419743899,
contrats,courts,33,9.419743899,
gouvernement,remettre,33,9.419743899,
gouvernement,prendre,33,9.419743899,
outil,aménagement,33,9.419743899,
administrations,publiques,33,9.419743899,
centrales,achat,33,9.419743899,
identification,qualité,33,9.419743899,
référence,supérieur,33,9.419743899,
zones,blanches,33,9.419743899,
valeur,constitutionnelle,33,9.419743899,
transport,routier,33,9.419743899,
amendement,conséquence,33,9.419743899,drop
confiance,action,33,9.419743899,
ans,compter,33,9.419743899,
passoires,thermiques,33,9.419743899,
conditions,matérielles,33,9.419743899,
conflit,intérêt,33,9.419743899,
produits,tabac,33,9.419743899,
connaissance,cause,33,9.419743899,
obligations,légales,33,9.419743899,
couverture,numérique,33,9.419743899,
parc,logements,33,9.419743899,
mise,service,33,9.419743899,
prévu,présent,33,9.419743899,
années,venir,33,9.419743899,
compétents,matière,33,9.419743899,
production,électricité,33,9.419743899,
approche,globale,33,9.419743899,
bloc,communal,33,9.419743899,
infractions,pénales,33,9.419743899,
demande,titre,33,9.419743899,
classes,moyennes,32,9.450515558,
collectivités,régies,32,9.450515558,
matière,protection,32,9.450515558,
amendement,introduit,32,9.450515558,intention
parlement,application,32,9.450515558,
pouvoir,réglementaire,32,9.450515558,
nationale,informatique,32,9.450515558,
concurrence,déloyale,32,9.450515558,
centres,commerciaux,32,9.450515558,
articles,suivants,32,9.450515558,drop
matière,construction,32,9.450515558,
action,groupe,32,9.450515558,
grandes,villes,32,9.450515558,
rédaction,adoptée,32,9.450515558,
demande,rapport,32,9.450515558,intention
sommes,dues,32,9.450515558,
proposé,modifier,32,9.450515558,
défense,sécurité,32,9.450515558,
saisir,juge,32,9.450515558,
cadre,législatif,32,9.450515558,
faire,référence,32,9.450515558,
nombre,important,32,9.450515558,
espaces,naturels,32,9.450515558,
produits,biocontrôle,32,9.450515558,
impôt,dépenses,32,9.450515558,
zones,urbaines,32,9.450515558,
physique,morale,32,9.450515558,
objectifs,poursuivis,32,9.450515558,
éviter,risque,32,9.450515558,
structurantes,matière,32,9.450515558,
voirie,aménagement,32,9.450515558,
publics,circulation,32,9.450515558,
circulation,piétonne,32,9.450515558,
piétonne,équipements,32,9.450515558,
équipements,scolaires,32,9.450515558,
scolaires,culturels,32,9.450515558,
culturels,sportifs,32,9.450515558,
président,établissement,32,9.450515558,
transfert,automatique,32,9.450515558,
délivrance,autorisation,32,9.450515558,
vise,augmenter,32,9.450515558,intention
offre,logements,32,9.450515558,
opération,revitalisation,32,9.450515558,
sécurité,personnes,32,9.450515558,
vise,encadrer,32,9.450515558,intention
convient,également,32,9.450515558,
présenté,gouvernement,32,9.450515558,
alinéa,présent,32,9.450515558,
renouvellement,urbain,32,9.450515558,
conflits,intérêts,32,9.450515558,
banque,france,32,9.450515558,
modalités,calcul,32,9.450515558,
obligatoire,inéligibilité,32,9.450515558,
mise,application,32,9.450515558,
office,français,32,9.450515558,
crédits,paiement,32,9.450515558,
meilleure,prise,32,9.450515558,
membres,conseil,32,9.450515558,
ressources,fiscales,32,9.450515558,
créé,article,32,9.450515558,drop
faire,appel,32,9.450515558,
mineurs,ans,32,9.450515558,
mis,marché,32,9.450515558,
article,proposé,32,9.450515558,drop
préciser,conditions,32,9.450515558,
délai,court,32,9.450515558,
taux,chômage,32,9.450515558,
investissement,local,32,9.450515558,
régime,assurance,32,9.450515558,
partis,politiques,32,9.450515558,
rurales,montagne,32,9.450515558,
amélioration,qualité,32,9.450515558,
composition,repas,32,9.450515558,
vente,hlm,32,9.450515558,
examen,demande,32,9.450515558,
vitrées,volets,32,9.450515558,
délai,recours,32,9.450515558,
partenaire,lié,32,9.450515558,
supprimer,disposition,32,9.450515558,
départements,mer,32,9.450515558,
périodes,professionnalisation,32,9.450515558,
marchand,sommeil,32,9.450515558,
droit,recours,32,9.450515558,
article,b,31,9.482264256,drop
mieux,encadrer,31,9.482264256,
correction,erreur,31,9.482264256,
ouvrir,possibilité,31,9.482264256,
gestionnaires,réseaux,31,9.482264256,
aide,sociale,31,9.482264256,
gouvernement,présenter,31,9.482264256,
confier,rôle,31,9.482264256,
rapport,groupe,31,9.482264256,drop
droit,national,31,9.482264256,
loi,portant,31,9.482264256,
sncf,mobilités,31,9.482264256,
industriel,commercial,31,9.482264256,
européenne,droits,31,9.482264256,
collective,publique,31,9.482264256,
permettre,prise,31,9.482264256,
éducation,santé,31,9.482264256,
investissement,locatif,31,9.482264256,
situées,zones,31,9.482264256,
consommation,énergétique,31,9.482264256,
choisir,avenir,31,9.482264256,
centaines,milliers,31,9.482264256,
menace,grave,31,9.482264256,
article,convention,31,9.482264256,drop
organisation,producteurs,31,9.482264256,
effets,négatifs,31,9.482264256,
délai,maximal,31,9.482264256,
matière,santé,31,9.482264256,
secteurs,activité,31,9.482264256,
politique,agricole,31,9.482264256,
plan,action,31,9.482264256,
chambres,métiers,31,9.482264256,
situation,économique,31,9.482264256,
santé,sécurité,31,9.482264256,
matérielles,accueil,31,9.482264256,
raison,amendement,31,9.482264256,
court,terme,31,9.482264256,
amendement,apporte,31,9.482264256,intention
communauté,agglomération,31,9.482264256,actor
dépenses,publiques,31,9.482264256,
commerciales,agricoles,31,9.482264256,
amendement,rétablit,31,9.482264256,intention
contribuables,revenu,31,9.482264256,
déjà,obligés,31,9.482264256,
obligés,télédéclarer,31,9.482264256,
partir,revenus,31,9.482264256,
revenus,déclaration,31,9.482264256,
déclaration,numérique,31,9.482264256,
numérique,télépaiement,31,9.482264256,
télépaiement,obligatoires,31,9.482264256,
obligatoires,contribuables,31,9.482264256,
taxes,affectées,31,9.482264256,
financement,projets,31,9.482264256,
fixé,décret,31,9.482264256,
matière,logement,31,9.482264256,
forfaitaire,unique,31,9.482264256,
social,économique,31,9.482264256,
sécurité,routière,31,9.482264256,
participation,public,31,9.482264256,
personnes,victimes,31,9.482264256,
réseaux,chaleur,31,9.482264256,
plafond,taxe,31,9.482264256,
dispositifs,soutien,31,9.482264256,
loi,égalité,31,9.482264256,
signature,convention,31,9.482264256,
santé,humaine,31,9.482264256,
tribunal,administratif,31,9.482264256,
transactions,financières,31,9.482264256,
certificats,économie,31,9.482264256,
pulvérisation,aérienne,31,9.482264256,
donner,possibilité,31,9.482264256,
amende,euros,31,9.482264256,
renouvelables,consommation,31,9.482264256,
conseils,départementaux,31,9.482264256,
inscrit,continuité,31,9.482264256,
organismes,privés,31,9.482264256,
loi,précise,31,9.482264256,
transfert,compétences,31,9.482264256,
mois,délai,31,9.482264256,
jours,an,31,9.482264256,
comptes,publics,31,9.482264256,
fonds,investissement,31,9.482264256,
défaut,production,30,9.515054079,
consommation,humaine,30,9.515054079,
apologie,terrorisme,30,9.515054079,
plateforme,ligne,30,9.515054079,
octobre,relative,30,9.515054079,
pouvoir,faire,30,9.515054079,
juge,libertés,30,9.515054079,
libertés,détention,30,9.515054079,
purement,simplement,30,9.515054079,
mineur,ans,30,9.515054079,
procédure,mise,30,9.515054079,
rupture,conventionnelle,30,9.515054079,
cour,européenne,30,9.515054079,
permet,faire,30,9.515054079,
rédactionnel,visant,30,9.515054079,
insertion,activité,30,9.515054079,
construction,gestion,30,9.515054079,
zones,bis,30,9.515054079,
vise,inclure,30,9.515054079,intention
pacte,civil,30,9.515054079,
civil,solidarité,30,9.515054079,
propose,préciser,30,9.515054079,intention
opérateur,compétences,30,9.515054079,
proposé,étendre,30,9.515054079,
taxe,additionnelle,30,9.515054079,
met,place,30,9.515054079,
protection,subsidiaire,30,9.515054079,
convient,mettre,30,9.515054079,
débat,public,30,9.515054079,
permettre,choisir,30,9.515054079,
accès,formation,30,9.515054079,
proposons,supprimer,30,9.515054079,
vise,fixer,30,9.515054079,intention
compétence,assainissement,30,9.515054079,
n,juillet,30,9.515054079,
voté,assemblée,30,9.515054079,
donné,lieu,30,9.515054079,
demande,logement,30,9.515054079,
conseil,pluriannuel,30,9.515054079,
déforestation,importée,30,9.515054079,
huile,palme,30,9.515054079,
compétences,communes,30,9.515054079,
cadre,dispositif,30,9.515054079,
premières,années,30,9.515054079,
éloignées,emploi,30,9.515054079,
recours,contrats,30,9.515054079,
impact,environnemental,30,9.515054079,
semble,indispensable,30,9.515054079,
âgées,ans,30,9.515054079,
bénéficier,dispositif,30,9.515054079,
assurer,respect,30,9.515054079,
devrait,permettre,30,9.515054079,
modalités,mise,30,9.515054079,
restauration,scolaire,30,9.515054079,
objet,rétablir,30,9.515054079,
compte,spécificité,30,9.515054079,
territoires,ultramarins,30,9.515054079,
permettra,également,30,9.515054079,
entreprises,presse,30,9.515054079,
objectifs,ambitieux,30,9.515054079,
augmentation,csg,30,9.515054079,
racial,homophobe,30,9.515054079,
prendre,considération,30,9.515054079,
rénovation,logements,30,9.515054079,
impôt,titre,30,9.515054079,
charge,frais,30,9.515054079,
violences,faites,30,9.515054079,
acteurs,privés,30,9.515054079,
issue,assemblée,30,9.515054079,
voisins,européens,30,9.515054079,
cadre,article,30,9.515054079,drop
faire,preuve,30,9.515054079,
modernisation,recouvrement,30,9.515054079,
élaboration,plan,30,9.515054079,
avantages,fiscaux,30,9.515054079,
égalité,territoires,30,9.515054079,
permettre,communes,30,9.515054079,
pure,simple,30,9.515054079,
continuité,urbanisation,30,9.515054079,
prévention,risques,30,9.515054079,
bénéficient,aide,30,9.515054079,
fiscale,caractère,30,9.515054079,
caractère,agressif,30,9.515054079,
amendement,modifie,30,9.515054079,intention
menace,ordre,30,9.515054079,
accueil,voyage,30,9.515054079,
développement,filière,30,9.515054079,
dispositif,article,30,9.515054079,drop
déposer,demande,30,9.515054079,
notamment,termes,30,9.515054079,
lutte,diffusion,30,9.515054079,
police,judiciaire,30,9.515054079,
convention,collective,29,9.548955631,
viande,bovine,29,9.548955631,
pose,problème,29,9.548955631,
niveau,local,29,9.548955631,
physiques,morales,29,9.548955631,
public,ferroviaire,29,9.548955631,
grande,instance,29,9.548955631,
apparaît,souhaitable,29,9.548955631,
habilitant,gouvernement,29,9.548955631,
domaine,compétence,29,9.548955631,
présent,vise,29,9.548955631,
agit,permettre,29,9.548955631,
signal,fort,29,9.548955631,
morales,droit,29,9.548955631,
biais,amendement,29,9.548955631,
organismes,habitations,29,9.548955631,
proroger,dispositif,29,9.548955631,
acteurs,secteur,29,9.548955631,
créer,nouvelle,29,9.548955631,
application,droit,29,9.548955631,
taux,crédit,29,9.548955631,
euros,supplémentaires,29,9.548955631,
associations,cultuelles,29,9.548955631,
régime,social,29,9.548955631,
code,relations,29,9.548955631,support
foncier,solidaire,29,9.548955631,
acteurs,filière,29,9.548955631,
convient,rappeler,29,9.548955631,
montant,total,29,9.548955631,
dispositions,articles,29,9.548955631,drop
compte,calcul,29,9.548955631,
permettant,assurer,29,9.548955631,
initiale,article,29,9.548955631,drop
pourra,faire,29,9.548955631,
dispositif,dit,29,9.548955631,
position,formelle,29,9.548955631,
accord,cadre,29,9.548955631,
nouvel,outil,29,9.548955631,
matière,délivrance,29,9.548955631,
projets,déjà,29,9.548955631,
droit,vigueur,29,9.548955631,
nouvelles,formes,29,9.548955631,
parc,privé,29,9.548955631,
taxe,valeur,29,9.548955631,
biais,agit,29,9.548955631,
propose,limiter,29,9.548955631,intention
décision,dc,29,9.548955631,
février,relative,29,9.548955631,
mise,cohérence,29,9.548955631,
reporter,obligation,29,9.548955631,
ordonnance,juillet,29,9.548955631,
article,cch,29,9.548955631,drop
alimentation,animale,29,9.548955631,
gouvernement,rapport,29,9.548955631,intention
modalités,détermination,29,9.548955631,
loi,permet,29,9.548955631,
issu,recommandation,29,9.548955631,
réserve,ministérielle,29,9.548955631,
niveau,régional,29,9.548955631,
n,janvier,29,9.548955631,
subventions,publiques,29,9.548955631,
droit,consommation,29,9.548955631,
créé,loi,29,9.548955631,
permet,limiter,29,9.548955631,
inscrit,cadre,29,9.548955631,
judiciaire,vierge,29,9.548955631,
nouvelle,obligation,29,9.548955631,
société,économie,29,9.548955631,
vise,répondre,29,9.548955631,intention
répondre,demande,29,9.548955631,
téléphone,portable,29,9.548955631,
prévoit,cas,29,9.548955631,
modèle,économique,29,9.548955631,
aide,publique,29,9.548955631,
contrats,travail,29,9.548955631,
logements,an,29,9.548955631,
hydrocarbures,conventionnels,29,9.548955631,
retenue,source,29,9.548955631,
dépenses,travaux,29,9.548955631,
mises,place,29,9.548955631,
activité,entreprises,29,9.548955631,
france,union,29,9.548955631,
vise,apporter,29,9.548955631,intention
risques,impacts,29,9.548955631,
point,départ,29,9.548955631,
loi,alors,29,9.548955631,
travail,prévoit,29,9.548955631,
pratiques,agricoles,29,9.548955631,
grands,principes,29,9.548955631,
plafond,ressources,29,9.548955631,
revenus,année,29,9.548955631,
principe,précaution,29,9.548955631,
visés,article,29,9.548955631,drop
amendement,consiste,29,9.548955631,drop
enfants,ans,29,9.548955631,
donnant,extérieur,29,9.548955631,
dépenses,liées,29,9.548955631,
mesure,vise,29,9.548955631,
carte,résident,29,9.548955631,
haute,performance,29,9.548955631,
services,paiement,29,9.548955631,
soins,palliatifs,29,9.548955631,
main,œuvre,28,9.584046951,
prioritaires,politique,28,9.584046951,
dispositions,applicables,28,9.584046951,
êtres,humains,28,9.584046951,
valeur,locative,28,9.584046951,
déjà,existants,28,9.584046951,
prévu,projet,28,9.584046951,
articles,présent,28,9.584046951,drop
convient,assurer,28,9.584046951,
autorité,organisatrice,28,9.584046951,
envoie,signal,28,9.584046951,
propose,inscrire,28,9.584046951,intention
amendement,agit,28,9.584046951,drop
applicable,immobilisations,28,9.584046951,
industrielles,matière,28,9.584046951,
fiscalité,locale,28,9.584046951,
compter,septembre,28,9.584046951,
justifie,texte,28,9.584046951,
financement,formation,28,9.584046951,
droit,existant,28,9.584046951,
gouvernement,prévoit,28,9.584046951,
manière,générale,28,9.584046951,
application,règles,28,9.584046951,
supprimer,obligation,28,9.584046951,
perte,recettes,28,9.584046951,
ville,paris,28,9.584046951,
pouvoir,substitution,28,9.584046951,
sortie,progressive,28,9.584046951,
peine,emprisonnement,28,9.584046951,
justice,union,28,9.584046951,
accord,entreprise,28,9.584046951,
nécessaire,faire,28,9.584046951,
prix,payé,28,9.584046951,
procédure,civile,28,9.584046951,
fasse,objet,28,9.584046951,
droit,communication,28,9.584046951,
prestations,services,28,9.584046951,
employeurs,salariés,28,9.584046951,
projet,transition,28,9.584046951,
sites,internet,28,9.584046951,
faciliter,accès,28,9.584046951,
logement,hébergement,28,9.584046951,
egalité,citoyenneté,28,9.584046951,
climat,présenté,28,9.584046951,
aides,financières,28,9.584046951,
conditions,fixées,28,9.584046951,
taux,taxe,28,9.584046951,
accès,emploi,28,9.584046951,
formation,continue,28,9.584046951,
produits,qualité,28,9.584046951,
prévue,loi,28,9.584046951,
ouvrant,droit,28,9.584046951,
gouvernement,remette,28,9.584046951,
apprentissage,formation,28,9.584046951,
comité,technique,28,9.584046951,
communes,population,28,9.584046951,drop
missions,service,28,9.584046951,
cohérence,amendement,28,9.584046951,
représentatives,niveau,28,9.584046951,
office,national,28,9.584046951,
cas,manquement,28,9.584046951,
conclure,contrat,28,9.584046951,
but,amendement,28,9.584046951,
taxe,transactions,28,9.584046951,
syndicat,mixte,28,9.584046951,
aide,séjour,28,9.584046951,
milieux,aquatiques,28,9.584046951,
directe,indirecte,28,9.584046951,
production,hydrocarbures,28,9.584046951,
plan,stratégique,28,9.584046951,
plan,national,28,9.584046951,
zones,géographiques,28,9.584046951,
environnement,développement,28,9.584046951,
disposition,adoptée,28,9.584046951,
équilibre,financier,28,9.584046951,
solidarité,fortune,28,9.584046951,
droits,enregistrement,28,9.584046951,
ministre,économie,28,9.584046951,
base,légale,28,9.584046951,
opération,aménagement,28,9.584046951,
nombre,limité,28,9.584046951,
ensemble,communes,28,9.584046951,
formation,apprentissage,28,9.584046951,
articles,déclaration,28,9.584046951,drop
auprès,administration,28,9.584046951,
solidarité,rurale,28,9.584046951,
bon,déroulement,28,9.584046951,
partie,législative,28,9.584046951,
supérieur,enfant,28,9.584046951,
prix,abusivement,28,9.584046951,
accès,marché,28,9.584046951,
missions,confiées,28,9.584046951,
introduite,sénat,28,9.584046951,
assurance,vie,28,9.584046951,
contrôle,parlementaire,28,9.584046951,
recours,abusifs,28,9.584046951,theme
autorisation,environnementale,28,9.584046951,
électricité,collective,28,9.584046951,
atelier,états,28,9.584046951,
actuel,article,28,9.584046951,drop
continuité,territoriale,28,9.584046951,
notamment,proposé,27,9.620414595,
réglementation,européenne,27,9.620414595,
ans,maximum,27,9.620414595,
représentant,légal,27,9.620414595,
missions,constitutionnelles,27,9.620414595,
évaluation,mis,27,9.620414595,
remis,cause,27,9.620414595,
rapporteur,public,27,9.620414595,
tva,taux,27,9.620414595,
disposition,législative,27,9.620414595,
permettant,accès,27,9.620414595,
propose,maintenir,27,9.620414595,intention
objectif,fixé,27,9.620414595,
objectifs,moyens,27,9.620414595,
groupes,parlementaires,27,9.620414595,
impôts,définit,27,9.620414595,
définit,régime,27,9.620414595,
inspection,travail,27,9.620414595,
proposé,ici,27,9.620414595,
coopératives,agricoles,27,9.620414595,
loi,liberté,27,9.620414595,
organisation,travail,27,9.620414595,
remédier,situation,27,9.620414595,
rétablir,rédaction,27,9.620414595,
modification,proposée,27,9.620414595,
puissent,bénéficier,27,9.620414595,
locaux,habitation,27,9.620414595,
seul,motif,27,9.620414595,
différence,traitement,27,9.620414595,
marché,produits,27,9.620414595,
pacte,stabilité,27,9.620414595,
assurer,continuité,27,9.620414595,
conditions,ressources,27,9.620414595,
année,précédente,27,9.620414595,
emploi,formation,27,9.620414595,
offre,logement,27,9.620414595,
maladies,professionnelles,27,9.620414595,
dépendance,économique,27,9.620414595,
livre,ier,27,9.620414595,
publics,relevant,27,9.620414595,
politiques,locales,27,9.620414595,
n,août,27,9.620414595,
services,fiscaux,27,9.620414595,
médiateur,relations,27,9.620414595,
second,lieu,27,9.620414595,
publique,caractère,27,9.620414595,
haine,violence,27,9.620414595,
œuvre,politique,27,9.620414595,
énergétique,bâtiments,27,9.620414595,
article,crée,27,9.620414595,drop
personnes,exerçant,27,9.620414595,
lutte,fraude,27,9.620414595,
petite,couronne,27,9.620414595,
objectifs,politique,27,9.620414595,
développement,territoires,27,9.620414595,
personnes,défavorisées,27,9.620414595,
eau,potable,27,9.620414595,
prévus,loi,27,9.620414595,
application,peine,27,9.620414595,
deniers,publics,27,9.620414595,
dépôt,garantie,27,9.620414595,
objectif,valeur,27,9.620414595,
fiscale,cadre,27,9.620414595,
péréquation,verticale,27,9.620414595,
formations,professionnelles,27,9.620414595,
nombre,moyen,27,9.620414595,
article,adopté,27,9.620414595,drop
candidats,élection,27,9.620414595,
origine,lieu,27,9.620414595,
lieu,provenance,27,9.620414595,
vise,sécuriser,27,9.620414595,intention
indicateurs,publics,27,9.620414595,
visite,médicale,27,9.620414595,
fondamentaux,nation,27,9.620414595,
accord,branche,27,9.620414595,
avis,simple,27,9.620414595,
systèmes,information,27,9.620414595,
respect,vie,27,9.620414595,
justice,sociale,27,9.620414595,
grande,transparence,27,9.620414595,
développement,apprentissage,27,9.620414595,
ailleurs,article,27,9.620414595,drop
semble,opportun,27,9.620414595,
titre,ier,27,9.620414595,
réseau,chambres,27,9.620414595,
ministre,transition,27,9.620414595,
proposé,maintenir,27,9.620414595,
version,adoptée,27,9.620414595,
guichet,unique,27,9.620414595,
parcours,formation,27,9.620414595,
secret,professionnel,27,9.620414595,
impôt,modernisation,27,9.620414595,
propriétaires,immeubles,27,9.620414595,
matière,transparence,27,9.620414595,
conseillers,municipaux,27,9.620414595,
sraddet,srcae,27,9.620414595,
bâtiments,publics,27,9.620414595,
vise,établir,27,9.620414595,drop
vise,ouvrir,27,9.620414595,drop
séance,publique,27,9.620414595,
nouvelle,procédure,27,9.620414595,
désertification,médicale,27,9.620414595,
impact,projet,27,9.620414595,
poursuites,judiciaires,27,9.620414595,
qpc,octobre,27,9.620414595,
législative,code,27,9.620414595,
taux,csg,27,9.620414595,
dépenses,acquisition,27,9.620414595,
parcours,soins,27,9.620414595,
article,additionnel,27,9.620414595,drop
unique,formation,27,9.620414595,
compétentes,matière,27,9.620414595,
propose,reporter,27,9.620414595,intention
déclaration,paiement,27,9.620414595,
directive,parlement,27,9.620414595,
amendement,souhaitent,27,9.620414595,drop
mesure,simplification,27,9.620414595,
finances,initiale,27,9.620414595,
état,urgence,27,9.620414595,
communauté,communes,27,9.620414595,actor
reconnues,utilité,27,9.620414595,
compagnes,compagnons,27,9.620414595,
travail,temps,27,9.620414595,
bonnes,conditions,27,9.620414595,
conforme,abf,27,9.620414595,drop
durée,limitée,27,9.620414595,
an,emprisonnement,27,9.620414595,
individualisation,frais,27,9.620414595,
assurer,meilleure,26,9.658154923,
opérateurs,plateforme,26,9.658154923,
nouvelle,organisation,26,9.658154923,
loi,mai,26,9.658154923,
tribunal,grande,26,9.658154923,
titre,iii,26,9.658154923,
déjà,missions,26,9.658154923,
parlement,évaluer,26,9.658154923,
également,proposé,26,9.658154923,
articles,loi,26,9.658154923,drop
loi,dite,26,9.658154923,
associations,protection,26,9.658154923,
membre,famille,26,9.658154923,
inscrit,logique,26,9.658154923,
bénéfice,dispositif,26,9.658154923,
y,faire,26,9.658154923,
article,paragraphe,26,9.658154923,drop
menuiseries,extérieures,26,9.658154923,
logement,urbanisme,26,9.658154923,
ensemble,dispositions,26,9.658154923,
prévues,articles,26,9.658154923,drop
nuisances,sonores,26,9.658154923,
représentants,locataires,26,9.658154923,
procédure,contradictoire,26,9.658154923,
y,ans,26,9.658154923,
charges,sociales,26,9.658154923,
national,développement,26,9.658154923,
solidarité,financière,26,9.658154923,
texte,prévoit,26,9.658154923,
déjà,cas,26,9.658154923,
impact,mesure,26,9.658154923,
prévention,éducation,26,9.658154923,
exercice,missions,26,9.658154923,
fixation,prix,26,9.658154923,
montant,maximal,26,9.658154923,
besoin,financement,26,9.658154923,
financement,état,26,9.658154923,
compétence,eau,26,9.658154923,
ile,france,26,9.658154923,
activités,conseil,26,9.658154923,
résidence,alternée,26,9.658154923,
territoire,commune,26,9.658154923,
santé,environnement,26,9.658154923,
proposé,vise,26,9.658154923,
manque,moyens,26,9.658154923,
vise,adapter,26,9.658154923,intention
lever,ambiguïté,26,9.658154923,
agglomération,nouvelle,26,9.658154923,
prévoit,remise,26,9.658154923,
fixer,délai,26,9.658154923,
âgés,ans,26,9.658154923,
passeport,talent,26,9.658154923,
traitements,données,26,9.658154923,
discrimination,haine,26,9.658154923,
aménagement,commercial,26,9.658154923,
santé,consommateurs,26,9.658154923,
français,notamment,26,9.658154923,
service,civique,26,9.658154923,
réseaux,communications,26,9.658154923,
hébergement,personnes,26,9.658154923,
début,année,26,9.658154923,
aides,publiques,26,9.658154923,
prévu,alinéa,26,9.658154923,
représentants,parlement,26,9.658154923,
visant,instaurer,26,9.658154923,
élections,législatives,26,9.658154923,
bénéfices,agricoles,26,9.658154923,
titre,année,26,9.658154923,
immigration,intégration,26,9.658154923,
aide,accession,26,9.658154923,
financement,fonds,26,9.658154923,
euros,euros,26,9.658154923,
rédaction,alinéa,26,9.658154923,
principes,fondamentaux,26,9.658154923,
connexion,internet,26,9.658154923,
délai,prescription,26,9.658154923,
acquis,expérience,26,9.658154923,
opérateurs,économiques,26,9.658154923,
logement,intermédiaire,26,9.658154923,
conditions,application,26,9.658154923,
vise,associer,26,9.658154923,intention
caractère,industriel,26,9.658154923,
comité,social,26,9.658154923,
gouvernement,annoncé,26,9.658154923,
territoriales,groupements,26,9.658154923,
recours,contentieux,26,9.658154923,
vie,professionnelle,26,9.658154923,
collectivités,compétentes,26,9.658154923,
obligation,mettre,26,9.658154923,
locaux,urbanisme,26,9.658154923,
impôt,solidarité,26,9.658154923,
difficultés,économiques,26,9.658154923,
indicateurs,relatifs,26,9.658154923,
efficacité,dispositif,26,9.658154923,
assiette,impôt,26,9.658154923,
aller,venir,26,9.658154923,
visant,améliorer,26,9.658154923,
propose,renforcer,26,9.658154923,intention
outil,essentiel,26,9.658154923,
respecter,principes,26,9.658154923,
exigences,constitutionnelles,26,9.658154923,
décret,décembre,26,9.658154923,
changements,climatiques,26,9.658154923,
propose,compléter,26,9.658154923,intention
décisions,justice,26,9.658154923,
faire,aider,26,9.658154923,
choisir,mode,26,9.658154923,
mode,déclaration,26,9.658154923,
montant,taxe,26,9.658154923,
limiter,effets,26,9.658154923,
pleine,entière,26,9.658154923,
agent,public,26,9.658154923,
conseil,municipal,26,9.658154923,
sein,entreprise,26,9.658154923,
mention,valorisante,26,9.658154923,
développement,autoconsommation,26,9.658154923,
isolants,portes,26,9.658154923,
charles,gaulle,26,9.658154923,
habitation,loyer,26,9.658154923,
âgées,handicapées,25,9.697375636,
loi,modernisation,25,9.697375636,
ordonnance,n,25,9.697375636,
second,temps,25,9.697375636,
public,intérêt,25,9.697375636,
compensation,handicap,25,9.697375636,
sommes,versées,25,9.697375636,
appels,offres,25,9.697375636,
vise,autoriser,25,9.697375636,intention
réelles,fonctionnement,25,9.697375636,
demandes,autorisation,25,9.697375636,
souhaitable,dispositions,25,9.697375636,
confiance,fassent,25,9.697375636,
dispositions,cas,25,9.697375636,
préférable,confier,25,9.697375636,
rôle,domaine,25,9.697375636,
compétence,instance,25,9.697375636,
instance,ores,25,9.697375636,
constitutionnelles,assister,25,9.697375636,
assister,parlement,25,9.697375636,
évaluer,politiques,25,9.697375636,
publiques,coopération,25,9.697375636,
coopération,appelée,25,9.697375636,
appelée,renforcer,25,9.697375636,
travail,contrôle,25,9.697375636,
place,bureau,25,9.697375636,
haute,valeur,25,9.697375636,
principe,valeur,25,9.697375636,
portant,atteinte,25,9.697375636,
durée,validité,25,9.697375636,
introduite,loi,25,9.697375636,
objectif,favoriser,25,9.697375636,
orientation,professionnelle,25,9.697375636,
conséquences,négatives,25,9.697375636,
lors,discussions,25,9.697375636,
parlement,gouvernement,25,9.697375636,
légale,notion,25,9.697375636,
exploitation,agricole,25,9.697375636,
vis,vis,25,9.697375636,
cas,absence,25,9.697375636,
nouveaux,entrants,25,9.697375636,
année,suivante,25,9.697375636,
charge,financière,25,9.697375636,
cadre,grandes,25,9.697375636,
apparaît,opportun,25,9.697375636,
prévoit,mise,25,9.697375636,
délivrance,titre,25,9.697375636,
pouvoir,exécutif,25,9.697375636,
mesure,permettrait,25,9.697375636,
vise,promouvoir,25,9.697375636,intention
révision,valeurs,25,9.697375636,
contrats,conclus,25,9.697375636,
territoriale,corse,25,9.697375636,
amendement,tire,25,9.697375636,drop
lors,mise,25,9.697375636,
mesure,permettra,25,9.697375636,
conseil,vente,25,9.697375636,
exercice,fonctions,25,9.697375636,
transferts,compétences,25,9.697375636,
matière,gestion,25,9.697375636,
conseils,municipaux,25,9.697375636,
conditions,transferts,25,9.697375636,
article,habilite,25,9.697375636,intention
déjà,engagés,25,9.697375636,
amendement,précédent,25,9.697375636,drop
titre,iv,25,9.697375636,
wallis,futuna,25,9.697375636,
iv,article,25,9.697375636,drop
nouvelle,catégorie,25,9.697375636,
proposé,permettre,25,9.697375636,
certificat,information,25,9.697375636,
constitue,frein,25,9.697375636,
cotisations,contributions,25,9.697375636,
alinéa,loi,25,9.697375636,
crimes,délits,25,9.697375636,
objet,proposition,25,9.697375636,
transports,publics,25,9.697375636,
versement,transport,25,9.697375636,
livre,préliminaire,25,9.697375636,
préliminaire,code,25,9.697375636,
contrats,durée,25,9.697375636,
prise,position,25,9.697375636,
article,instaure,25,9.697375636,intention
centres,villes,25,9.697375636,
part,significative,25,9.697375636,
pourront,bénéficier,25,9.697375636,
constitutionnel,décision,25,9.697375636,
consentement,impôt,25,9.697375636,
urbanisme,rénové,25,9.697375636,
soumis,obligation,25,9.697375636,
open,data,25,9.697375636,
globale,fonctionnement,25,9.697375636,
septembre,relative,25,9.697375636,
incompatible,exercice,25,9.697375636,
infractions,considérées,25,9.697375636,
considérées,incompatibles,25,9.697375636,
production,prix,25,9.697375636,
grande,précarité,25,9.697375636,
vise,tenir,25,9.697375636,drop
supprimer,dispositions,25,9.697375636,
sociale,généralisée,25,9.697375636,
salariés,entreprises,25,9.697375636,
objet,contrat,25,9.697375636,
solidarité,nationale,25,9.697375636,
faites,femmes,25,9.697375636,
mise,location,25,9.697375636,
plan,vente,25,9.697375636,
décisions,prises,25,9.697375636,
travers,amendement,25,9.697375636,
fenêtres,volets,25,9.697375636,
soins,médicaux,25,9.697375636,
titre,ii,25,9.697375636,
hydrocarbures,liquides,25,9.697375636,
proposition,résolution,25,9.697375636,support
communes,communautés,25,9.697375636,drop
administration,mieux,25,9.697375636,
protection,animaux,25,9.697375636,
permettre,collectivités,25,9.697375636,
développement,projets,25,9.697375636,
locaux,territoires,25,9.697375636,
relance,construction,25,9.697375636,
vote,loi,25,9.697375636,
nouvel,impôt,25,9.697375636,
agit,également,25,9.697375636,
compte,indicateurs,25,9.697375636,
rénovation,urbaine,25,9.697375636,
signes,qualité,25,9.697375636,
année,n,25,9.697375636,
permet,administration,25,9.697375636,
déduction,fiscale,25,9.697375636,
coordination,juridique,25,9.697375636,
cours,dernières,25,9.697375636,
base,imposition,25,9.697375636,
disposer,informations,25,9.697375636,
qpc,novembre,25,9.697375636,
marges,manœuvre,25,9.697375636,
dégrèvement,taxe,25,9.697375636,
états,territoires,25,9.697375636,
pratiques,commerciales,25,9.697375636,
ici,proposé,25,9.697375636,
lien,direct,25,9.697375636,
surface,supérieure,25,9.697375636,
mesures,visant,25,9.697375636,
obligation,personnes,25,9.697375636,
nouveaux,logements,25,9.697375636,
entrée,donnant,25,9.697375636,
contrôle,état,25,9.697375636,
employeurs,représentatives,25,9.697375636,
rapport,remis,25,9.697375636,drop
meilleurs,délais,25,9.697375636,
économiques,sociales,25,9.697375636,
protection,internationale,25,9.697375636,
impôt,faveur,25,9.697375636,
compagnons,emmaüs,25,9.697375636,
caractère,obligatoire,25,9.697375636,
bon,nombre,25,9.697375636,
contrat,ville,25,9.697375636,
objectif,préciser,25,9.697375636,
police,nationale,25,9.697375636,